[{"assetType":"PolicyAction","assetObject":{"name":"Policy Action [Enable HTTP / HTTPS] -> Policy For API petstore[1.0.5]","id":"5b00c027-6cd5-440d-ae09-1826c82b52da","status":"Success","explanation":"OK"}},{"assetType":"Policy","assetObject":{"name":"Policy For API petstore[1.0.5]","id":"7de04d80-00f9-4ed2-9890-822209bd5fb3","status":"Success","explanation":"OK"}},{"assetType":"PolicyAction","assetObject":{"name":"Policy Action [Straight Through Routing] -> Policy For API petstore[1.0.5]","id":"7cc7b286-4243-455a-8c57-56f006870250","status":"Success","explanation":"OK"}},{"assetType":"API","assetObject":{"name":"petstore[1.0.5]","id":"39a7fef5-766e-4af1-817e-8e6305bb6ea5","status":"Success","explanation":"OK"}}]